codigo_ibge_municipio,codigo_cartografico,geometria,area_calculada
4104501,01.03.002.3.0054.1100,"MULTIPOLYGON(((-53.80207989785128 -25.68118564176211,-53.80196094613802 -25.680794247966432,-53.80186496212448 -25.680818200900532,-53.80176897806654 -25.68084215377442,-53.801887929230915 -25.68123354777315,-53.80207989785128 -25.68118564176211)))",0.00000008083371
