CODIGO,FACE,QLAT,QLNG,V1LAT,V1LNG,D1,V2LAT,V2LNG,D2
01.02.002.0.0033,4104501;01.02.002.0.0033;9E705E10,-25.677524513445128,-53.805498162282234,-25.6777825,-53.8048796,0.0006702062066985055,-25.6774332,-53.8061851,0.000692980211370826
01.03.002.0.0034,4104501;01.03.002.0.0034;9E705E10,-25.677867862394912,-53.80416057919811,-25.6781216,-53.8035364,0.0006737821929916386,-25.6777825,-53.8048796,0.0007240701982635275
