CODIGO_CARTOGRAFICO,CI_ID_FACE,OSM_VERTICE_1,OSM_VERTICE_2,SC_ID_LOGRADOURO,CENTROIDE,ORDEM_FACE,DIM_FACE
01.02.001.0.0020,4104501;01.02.001.0.0020;C7998C13,"POINT(-53.8070668 -25.6656938)","POINT(-53.8057043 -25.6660318)",C7998C13,"POINT(-53.80642625 -25.66593825)",3,120.77
01.02.001.0.0020,4104501;01.02.001.0.0020;7473D9A5,"POINT(-53.8057043 -25.6660318)","POINT(-53.8060932 -25.6672667)",7473D9A5,"POINT(-53.8059345 -25.666485)",4,120.33
01.02.001.0.0020,4104501;01.02.001.0.0020;6741EDC0,"POINT(-53.8060932 -25.6672667)","POINT(-53.8074566 -25.6669298)",6741EDC0,"POINT(-53.806639 -25.667039)",1,120.77
01.02.001.0.0020,4104501;01.02.001.0.0020;4245F20E,"POINT(-53.8070668 -25.6656938)","POINT(-53.8074566 -25.6669298)",4245F20E,"POINT(-53.8071634 -25.66633)",2,120.33
01.02.001.0.0018,4104501;01.02.001.0.0018;C7998C13,"POINT(-53.8057043 -25.6660318)","POINT(-53.8070668 -25.6656938)",C7998C13,"POINT(-53.806233 -25.665827)",1,120.77
01.02.001.0.0018,4104501;01.02.001.0.0018;4245F20E,"POINT(-53.8066739 -25.6645022)","POINT(-53.8070668 -25.6656938)",4245F20E,"POINT(-53.8067838 -25.6651168)",2,120.33
01.02.001.0.0018,4104501;01.02.001.0.0018;C44485D3,"POINT(-53.8053719 -25.6648265)","POINT(-53.8066739 -25.6645022)",C44485D3,"POINT(-53.80587975 -25.664757375)",3,120.77
01.02.001.0.0018,4104501;01.02.001.0.0018;7473D9A5,"POINT(-53.8057043 -25.6660318)","POINT(-53.8053719 -25.6648265)",7473D9A5,"POINT(-53.805632333333335 -25.665483333333334)",4,120.33
